Category,Name,Net weight,Price
"Beverage","Pepsi Max | 330mL Can","330",34.5
"Beverage","Sunkist Fruit Drink Orange | 235mL Tetra","235",23.95
"Beverage","Sunkist Tetra Juice Mango | 235ml","235",26.5
"Beverage","Sunkist Fruit Drink Apple | 235mL Tetra","235",23.95
"Beverage","Walsh Curacao Triple Sec | 750ml","750",265
"Beverage","Coffee Mate Coffee Creamer | 450g Pouch","450",112.95
"Beverage","Milo Active Go Twinpack | 48g 8pcs","48",139.5
"Beverage","Nescafe Classic | 200g","200",207.5
"Beverage","Kopiko Brown 3-in-1 Coffee Mix Twin Pack | 53g 5pcs","53",70
"Beverage","Milo Active Go | 600g","600",184.5
"Beverage","Del Monte Juice Drink Four Seasons | 1L Tetra","1",92.75
"Beverage","Kopiko Blanca 3-in-1 Coffee Mix Twin Pack | 52g 5pcs","52",70
"Beverage","Royal Tru Orange | 1.5L PET","1.5",67.5
"Beverage","Milo Choco Malt Powdered Milk Drink Activ-Go Winner | 300g","300",99.5
"Beverage","Nescafe Classic Refill | 80g","80",102.75
"Beverage","San Mig Coffee 3-in-1 Sugar Free Original | 7g 20sachets","7",150
"Beverage","Alaska Krem Top Coffee Creamer | 450g","450",119.5
"Beverage","Kopiko Brown 3-in-1 Coffee Mix Brown | 125g 30pcs","125",239.5
"Beverage","Del Monte Pineapple Juice Drink Fiber Enriched | 1L Tetra","1",127.95
"Beverage","Coke Pet | 2L","2",84.5
"Beverage","White King Champorado | 227g","227",74.5
"Beverage","Great Taste Premium Blend Coffee | 100g","100",90.75
"Beverage","Kopiko Black 3-in-1 Twin Pack | 56g 5pcs","56",70
"Beverage","Del Monte Juice Drink Pineapple | 240mL Canned","240",30
"Beverage","Nescafe 3In1 Original | 20g 20pcs","20",155
"Beverage","Great Taste Granules | 80g","80",96.75
"Beverage","Coffee Mate Coffee Creamer | 250g Pouch","250",69.95
"Beverage","C2 Green Tea Apple | 1L","1",56.5
"Beverage","Del Monte Juice Drink Mango | 1L Tetra","1",117.5
"Beverage","Nescafe 3 In 1 Creamy Latte Twin Pack | 40g 5pcs","40",78.5
"Beverage","Nestle Chuckie | 180ml 6pcs","180",117
"Beverage","White King Champorado | 113g","113",42.5
"Beverage","Nescafe 3 In 1 Creamy White Twin Pack | 40g 5pcs","40",78.5
"Beverage","Swiss Miss Creamy Mallows | 20g 10pcs","20",88.95
"Beverage","Kopiko Cappuccino Coffee Hanger | 25g 10pcs","25",82.5
"Beverage","Blend 45 Coffee Economy Pack | 100g","100",82.5
"Beverage","Nescafe Gold Jar | 200g","200",537.75
"Beverage","Big 250 Juice Drink Apple | 250mL","250",1
"Beverage","Zest-O Juice Drink Apple | 200mL","200",9.5
"Beverage","Nestea Iced Tea Honey Blend Litro Pack | 25g","25",21
"Beverage","Swissmiss Dark Choco Singles | 31g","31",13.75
"Beverage","Zest-O Juice Drink Orange | 200mL","200",9.5
"Beverage","Sprite | 330mL Can","330",37.5
"Beverage","Tang Powdered Juice Drink Pineapple | 25g","25",19.85
"Beverage","SM Bonus Distilled Water | 6.6L","6.6",54.5
"Beverage","Tang Powdered Juice Drink Orange Mango | 25g","25",21
"Beverage","Kopiko L.A 3-in-1 Coffee Mix | 25g 10pcs","25",82.5
"Beverage","Pocari Sweat Ion Supply Drink | 350ml","350",36.5
"Beverage","Minute Maid Fresh Mango | 180ml","180",9.5
"Beverage","Nestea Iced Tea Lemon Cleanse | 8.5g 10pcs","8.5",149.5
"Beverage","Nescafe Gold Blend | 100g","100",319.5
"Beverage","Sprite Zero Sugar | 1.5L","1.5",67.5
"Beverage","Nescafe 3In1 Creamy White | 20g 20pcs","20",185
"Beverage","Mug Rootbeer | 2L","2",78.95
"Beverage","Twinings Earl Grey Tea | 2g 25pcs","2",329.5
"Beverage","Twinings Pure Peppermint | 2g 25pcs","2",339.5
"Beverage","Twinings Four Red Fruits Tea | 2g 25pcs","2",329.5
"Beverage","Twinnings Lemon Ginger Tea | 1.5g 25pcs","1.5",339.5
"Beverage","Twinings Green Tea Selection | 1.7g 20pcs","1.7",304.5
"Beverage","Twinnings Camomile | 1g 25pcs","1",333.5
"Beverage","Twinnings Pure Green Tea | 2g 25pcs","2",339.5
"Beverage","Twinnings Green Tea Lemon | 1.6g 25pcs","1.6",339.5
"Beverage","Golden Spoon Turmeric | 225g","225",239.5
"Beverage","Golden Spoon Tanglad | 24g 12pcs","24",76.5
"Beverage","Golden Spoon Green Tea | 2.4g 10pcs","2.4",99.5
"Beverage","Golden Spoon Malunggay | 2g 12pcs","2",97.5
"Beverage","Golden Spoon Ampalaya Herbal Tea | 24g 12pcs","24",104.5
"Beverage","Golden Spoon Herbal Tea Salabat | 225g","225",134.5
"Beverage","Coffee Trim Slimming Coffee | 10g 10pcs","10",219.5
"Beverage","Jimms 7 In 1 Coffe With Mushroom Extract | 21g 12pcs","21",174.5
"Beverage","Jimms 5in1 Coffee With Ginseng | 21g 12pcs","21",169.5
"Beverage","Jimms 5In1 Coffe Sugarfree | 21g 20pcs","21",324.5
"Beverage","Great Taste White Crema 3-in-1 Coffee Mix Twin Pack | 50g 5pcs","50",69.5
"Beverage","Great Taste White Caramel 3-in-1 Coffee Mix Twin Pack | 50g 5pcs","50",69.5
"Beverage","Ovaltine 3in1 Jar | 400g","400",199.5
"Beverage","Hersheys Cocoa Powder | 226g","226",369.5
"Beverage","Evian Natural Mineral Water | 1.5L","1.5",144.5
"Beverage","Pepsi Black | 2L","2",78.95
"Beverage","Pepsi Regular | 2L","2",78.95
"Beverage","Mountain Dew | 2L","2",78.95
"Beverage","The Berry Company Goji Berryjuice | 1L","1",188.5
"Beverage","The Berry Company Pomegranate Juice Orange | 1L","1",188.5
"Beverage","The Berry Comp Cranberry Juice | 1L","1",188.5
"Beverage","The Berry Company Acai Berryjuice | 1L","1",188.5
"Beverage","Minute Maid Juice Drink Fresh Pineapple | 180ml","180",9.5
"Beverage","Del Monte Tipco Pomegranate | 1L","1",162.5
"Beverage","Del Monte Tipco Mixed Vegetable & Mixed Fruit | 1L","1",162.5
"Beverage","Del Monte Tipco Brocolli & Mixed Fruit | 1L","1",162.5
"Beverage","Del Monte Tipco Cranberry | 1L","1",156.5
"Beverage","Del Monte Tipco Aloe Vera & White Grape | 1L","1",162.5
"Beverage","Del Monte Pineapple Blueberry | 1L","1",111.5
"Beverage","Del Monte Pineapple Strawberry | 1L","1",111.5
"Beverage","Johnnie Walker Green Label 15yo | 700ml","700",2850
"Beverage","Johnnie Walker Red Label Scotch Whisky | 1L","1",905
"Beverage","Johnnie Walker Black Scotch Whisky | 700ml","700",1099
"Beverage","Johnnie Walker Oldest Blue | 750ml","750",9999
"Beverage","Johnnie Walker Double Black | 1L","1",1960
"Beverage","Johnnie Walker Black Scotch Pack | 1L","1",1289
"Beverage","Fundador Brandy | 1.75L","1.75",1163
"Beverage","Fundador Double Light | 1L","1",390
"Beverage","Fundador Brandy | 1L","1",692
"Beverage","Fundador Light | 1L","1",390
"Beverage","Emperador Gold Limited Edition | 1L","1",310
"Beverage","Emperador Brand Light | 1L","1",197
"Beverage","Carlo Rossi Pink Moscato | 750ml","750",352
"Beverage","Carlo Rossi California White | 750ml","750",352
"Beverage","Carlo Rossi Moscato White Wine | 750ml","750",352
"Beverage","Carlo Rossi Sangria | 750ml","750",352
"Beverage","Carlo Rossi Sweet Red | 750ml","750",352
"Beverage","Carlo Rossi Red Moscato | 750ml","750",352
"Beverage","Carlo Rossi California Red | 750ml","750",352
"Beverage","Alfonso 1 Brandy | 1L","1",500
"Beverage","Alfonso I Platinum | 1L","1",395
"Beverage","Red Bull Energy Drink Sugar Free | 250ml","250",87
"Beverage","Red Bull Energy Drink in Can | 250ml","250",87
"Beverage","Tiger Black Bottle | 330ml","330",62.5
"Beverage","Tiger Beer Crystal Light Bottle | 330ml","330",61.5
"Beverage","Kirin Ichiban Beer in Can | 330ml","330",89.5
"Beverage","Asahi Beer in Can Super Dry | 330ml","330",81.5
"Beverage","Monster Energy Drink Ultra White | 355ml","355",89.5
"Beverage","Monster Energy Drink Mango Loco | 355ml","355",89.5
"Beverage","Blue Cool Cucumber Lime | 500ml","500",37.5
"Beverage","Vitamilk Double Choco | 1L","1",100
"Beverage","Real Leaf Frutcy Icedtea Calamansi | 480ml","480",24.5
"Beverage","C Green Tea Lemon | 355ml","355",26.5
"Beverage","Tang Powdered Juice Drink Mixed Berries | 20g","20",21
"Beverage","Tang Pineapple | 250g","250",239.5
"Beverage","Tang Orange | 250g","250",239.5
"Beverage","Locally Blended Juice Drink Guyabano | 1L","1",100
"Beverage","Del Monte White Grape Juice | 1L","1",111.5
"Beverage","San Mig Coffee 3-in-1 Sugarfree White | 9g 10Sachet","9",91.5
"Beverage","MX3 Coffee Mix Mangosteen 4-in-1 Sugarfree | 10g 10sachet","10",214.5
"Beverage","Nescafe Classic Decaf | 160g","160",266.5
"Beverage","Ricoa Cocoa Breakfast | 160g","160",174.5
"Beverage","Gatorade Citrus Quench No Sugar | 900ml","900",76.5
"Beverage","SM Bonus Apple Juice | 200ml","200",1
"Beverage","Zest-O Choco TBA Slim | 250ml","250",31.5
"Beverage","Vitasoy Chocolate | 1L","1",104.5
"Beverage","Chuckie Chocolate Milk Drink | 1L","1",115
"Beverage","Chuckie Chocolate Milk Drink | 250ml","250",31.5
"Beverage","Chuckie Chocolate Milk Drink | 110mL","110",14.5
"Beverage","Magnolia Chocolait | 250ml","250",33.5
"Beverage","Jack Daniels Coke Zero Sugar | 320ml","320",84.5
"Beverage","Angel Creamer | 400g","400",79.5
"Beverage","Jimms 3In1 Spirulina Twinpack | 40g 10g","40",159.5
"Beverage","Jimms 3in1 Coffee Twinpack | 40g 10pcs","40",159.5
"Beverage","Lemon Duo Peach Lemon 7% | 330ml","330",70.95
"Beverage","Jardin Signature Americano Black | 230ml","230",50
"Beverage","Jardin Signature Americano Sweet | 230ml","230",50
"Beverage","Jardin Signature Royal Hazelnut | 230ml","230",50
"Beverage","Jardin Café Real Shine Muscat | 230ml","230",50
"Beverage","Jardin Café Real Blue Lemonade | 230ml","230",50
"Beverage","Hoegaarden White Beer 5 + 1 | 330ml","330",540
"Beverage","Stella Artois Beer Bottle 5 + 1 | 310ml","310",625
"Beverage","Hardys Crest Cabernet Sauvignon | 750ml B1T1","750",582
"Beverage","Bos Coffee Latte Rtd | 240ml","240",64.5
"Beverage","Bos Coffee Mocha Rtd | 240ml","240",64.5
"Beverage","Bos Coffee Hazelnut Rtd | 240ml","240",64.5
"Beverage","Bo's Coffee Macchiato Rtd | 240ml","240",64.5
"Beverage","Extra Joss Energy Drink Mango | 4g 6pcs","4",51.5
"Beverage","Extra Joss Energy Drink Grape | 4g 6pcs","4",51.5
"Beverage","Kome Ichizu Junmai Sake | 720ml","720",780
"Beverage","The Macallan Night On Earth The Journey | 700ml","700",13720
"Beverage","Hana Akita Original Sake | 720ml","720",860
"Beverage","The Macallan Night On Earth | 700ml","700",16050
"Beverage","Thai Coco Almond Coconut Drink | 1L","1",164.5
"Beverage","Thai Coco Sesame Coconut Drink | 1L","1",164.5
"Beverage","Thai Coco Original Coconut Drink | 1L","1",164.5
"Beverage","Del Monte Fruity Zing Calamansi | 330ml","330",27.5
"Beverage","Del Monte Fruity Zing Apple Lychee | 330ml","330",27.5
"Beverage","Vida C Zero Salty Lychee Sparkling | 325ml","325",44.5
"Beverage","Vida C Zero Lemon Sparkling | 325ml","325",44.5
"Beverage","Vida C Zero Citrus Sparkling | 325ml","325",44.5
"Beverage","UCC 3 In 1 Iced Salted Caramel | 25g 10pcs","25",159.5
"Beverage","UCC 3 In 1 Iced Chocolate Vanilla | 25g 10pcs","25",159.5
"Beverage","Tampico Zero Sugar Citrus Drink | 1L","1",65.95
"Beverage","Tampico Citrus Flavored Drink | 1L","1",65.95
"Beverage","Tampico Apple Flavored Drink | 1L","1",65.95
"Beverage","Summit Natural Drinking Water | 1.5L","1.5",26
"Beverage","Lipton Yellow Label Tea | 2g 50pcs","2",296.5
"Beverage","Lipton Green Tea | 1.5g 50tea bags","1.5",499.95
"Beverage","Sprite Can Save 15Php | 320ml 6pcs","320",210
"Beverage","Biofitea Herbal Dietary Tea | 2g 5pcs","2",34.5
"Beverage","Aldi Turmeric Tea Bottle | 320g","320",274.5
"Beverage","Aldi Turmeric Tea With Calamansi Bottle | 320g","320",264.5
"Beverage","Aldi Turmeric Ginger & Lemon Grass | 320g","320",279.5
"Beverage","Krem Top Coffee Creamer | 150g","150",54.5
"Beverage","Alaska Krem Top Coffee Creamer Non Dairy | 250g Pouch","250",67.5
"Beverage","Angel Coffee Creamer Pouch | 200g","200",49.5
"Beverage","Cream All Coffee Creamer Pouch | 220g","220",65
"Beverage","San Mig 3In1 Coffee Sugar Free Strong | 9g 10pcs","9",91.5
"Beverage","San Mig Coffee 3in1 Original Hanger | 20g 10pcs","20",70
"Beverage","San Mig Coffee 3-in-1 Sugarfree Tipid Pack | 7g 10Sachets","7",77.5
"Beverage","Nescafe Original | 28g 10Sachets","28",77.5
"Beverage","Nescafe Creamy White | 29g 10Sachets","29",92.5
"Beverage","Nescafe 3 In 1 Creamy Latte | 20g 10pcs","20",92.5
"Beverage","Nescafe Refill Decaf | 80g","80",133.5
"Beverage","Nescafe Classic Refill | 20g","20",25.75
"Beverage","Nescafe Classic Refill | 40g","40",51.75
"Beverage","Kopiko 3-in-1 Coffee Mix Black | 30g 30pcs","30",239.5
"Beverage","Royal Tru Orange Save 15Php | 320ml 6pcs","320",210
"Beverage","Kopiko Black 3-in-1 Coffee Mix Black | 20g 10pcs","20",79.95
"Beverage","Kopiko Brown 3-in-1 Coffee Mix Brown | 25g 10pcs","25",79.95
"Beverage","Kopiko Blanca 3-in-1 Coffee Mix Blanca | 30g 10pcs","30",89.5
"Beverage","Kopiko Double Cups 3-in-1 Coffee Mix Original | 36g 10pcs","36",104.5
"Beverage","Great Taste Smooth & Chocolatey 3-in-1 Coffee Mix | 50g 5pcs","50",70.5
"Beverage","Great Taste Premium Blend Coffee | 20g","20",26.25
"Beverage","Great Taste White 3-in-1 Coffee Mix Twin Pack | 30g 10pcs","30",88.5
"Beverage","Bc Coffee Club Barako Blend | 300g","300",299.5
"Beverage","BC Coffee Club Arabica Blend | 300g","300",349.5
"Beverage","BC Coffee Club Fresh Roasted | 500g","500",409.5
"Beverage","Batangas Coffee Brew Special Blend | 300g","300",319.5
"Beverage","Batangas Coffee Brew | 500g","500",474.5
"Beverage","Swissmiss Hazelnut Singles | 26g","26",16.75
"Beverage","Swissmiss Milk Choco Singles | 26g","26",16.75
"Beverage","Swissmiss Marshmallow Singles | 28g","28",16.75
"Beverage","Ricoa Cocoa Powder | 70g","70",71.5
"Beverage","Peotraco Cocoa Powder | 250g","250",127.5
"Beverage","Peotraco Cocoa Powder | 500g","500",239.5
"Beverage","Ovaltine All in One Powder | 495g","495",164.5
"Beverage","Ovaltine 3 in 1 | 25g","25",13.95
"Beverage","Milo Choco Malt Powdered Milk Drink Activ Go Winner | 24g 12pcs","24",103
"Beverage","Alfonso Chocolate Cacao | 200g","200",146.5
"Beverage","Pepsi Zero Sugar Lime | 500ml","500",34.5
"Beverage","Pepsi Pet | 500ml","500",34.5
"Beverage","Paldo Pororo Drink Strawberry | 235ml","235",65.95
"Beverage","Paldo Pororo Drink Apple | 235ml","235",65.95
"Beverage","Nature's Yogurt Peach | 1.5L","1.5",154.5
"Beverage","Nature's Yogurt Apple | 1.5L","1.5",154.5
"Beverage","Wilkins Distilled Water | 500mL","500",17
"Beverage","Summit Natural Drinking Water | 1L","1",19.5
"Beverage","Mountain Dew Pet Regular | 500ml","500",34.5
"Beverage","Mountain Dew Zero Sugar | 500ml","500",34.5
"Beverage","Mountain Dew Zero Sugar | 320ml","320",34.5
"Beverage","Mountain Dew Zero Sugar | 1.5L","1.5",65.95
"Beverage","Sip Purified Water | 350ml","350",10
"Beverage","Sip Purified Water | 1L","1",20
"Beverage","Sip Purified Water | 500ml","500",12
"Beverage","Monster Energy Drink Green | 355ml","355",89.5
"Beverage","Blue Enlivening Orange | 500ml","500",37.5
"Beverage","Blue Peppy Lychee | 500ml","500",37.5
"Beverage","Blue Inspiring Calamansi | 500ml","500",37.5
"Beverage","Absolute Distilled Water | 1.5L","1.5",36
"Beverage","Sola Iced Tea Lemon | 473ml","473",62.5
"Beverage","Sola Iced Tea Raspberry | 473ml","473",62.5
"Beverage","Real Leaf Green Tea Honey Lemon | 480ml","480",24.5
"Beverage","Real Leaf Green Tea Honey Apple | 480ml","480",24.5
"Beverage","Nestea Iced Tea Lemon Ice | 500ml","500",26.95
"Beverage","Nestea Iced Tea Lemon | 500ml","500",26.95
"Beverage","Nestea Iced Tea Apple | 500ml","500",26.95
"Beverage","Lipton Tea Red | 450ml","450",27.95
"Beverage","Lipton Tea Lemon | 450ml","450",27.95
"Beverage","C2 Red Tea Raspberry | 355ml","355",26.5
"Beverage","C2 Green Tea Apple | 355mL","355",26.5
"Beverage","C2 Green Tea Lemon | 1L","1",56.5
"Beverage","C2 Green Tea Plain | 500mL","500",31.5
"Beverage","C2 Green Tea Lemon | 455ml","455",31.5
"Beverage","C2 Green Tea Apple | 500mL","500",28.5
"Beverage","ZestO Calamansi Soda in Can | 330ml","330",33.95
"Beverage","ZestO Soda Calamansi | 1.5L","1.5",61.5
"Beverage","ZestO Soda Dalandan | 1.5L","1.5",61.5
"Beverage","ZestO Dalandan Soda in Can | 330ml","330",33.95
"Beverage","Sprite Zero | 320ml","320",37.5
"Beverage","Schweppes Can Tonic Water | 320ml","320",38.5
"Beverage","Schweppes Sparkging Soda Water | 330mL Can","330",38.5
"Beverage","Royal Can Tru Orange | 320ml","320",37.5
"Beverage","Rc Cola | 250ml","250",24.95
"Beverage","Rc Pet Cola | 1.5L","1.5",59.5
"Beverage","Pepsi Zero Sugar Lime | 1.5L","1.5",65.95
"Beverage","Pepsi | 1.5L PET","1.5",59
"Beverage","Mug Rootbeer Can | 320ml","320",34.5
"Beverage","Mountain Dew | 330mL Can","330",34.5
"Beverage","Mountain Dew Pet | 1.5L","1.5",65.95
"Beverage","Juicy Lemon Fruit Soda Pet | 1.5L","1.5",59.5
"Beverage","Fruit Soda Orange | 1.5L","1.5",59.5
"Beverage","Coke Light | 320ml","320",37.5
"Beverage","Coca Cola Coke Light PET | 1.5L","1.5",67.5
"Beverage","Cali Shandy Can Sparkling Pineapple Light Drink | 330ml","330",32.5
"Beverage","Cali Shandy Apple Ice in Can | 330ml","330",32.5
"Beverage","Cali Shandy Regular in Can | 330ml","330",32.5
"Beverage","Arcy S Root Beer | 1.5L","1.5",59.5
"Beverage","Up Pet Regular | 1.5L","1.5",65.95
"Beverage","Tang Powder Juice Orange | 375g","375",326.5
"Beverage","Tang Powdered Juice Honey Lemon | 25g","25",21
"Beverage","Tang Grape Powdered Juice Drink | 19g","19",20.5
"Beverage","Tang Powdered Juice Drink Strawberry | 25g","25",21.5
"Beverage","Tang Powder Juice Pomelo | 19g","19",21
"Beverage","Tang Powdered Juice Drink Mango | 25g","25",20.5
"Beverage","Tang Powdered Juice Drink Four Seasons | 25g","25",20.5
"Beverage","Tang Powdered Juice Drink Calamansi | 25g","25",20.5
"Beverage","Tang Powdered Juice Drink Dalandan | 25g","25",20.5
"Beverage","Nestea Iced Tea Lemon Blend | 250g","250",199.5
"Beverage","Nestea Iced Tea Apple Blend Litro Pack | 19g","19",19.95
"Beverage","Zesto Juice Grape | 200ml","200",9.5
"Beverage","Tropicana Twister Pulp Orange | 355ml","355",29.95
"Beverage","Tropicana Twister Juicy Pulp | 1L","1",62.5
"Beverage","Tropicana Pet Orange | 355ml","355",29.95
"Beverage","Tropicana Twister Juice Drink Orange Pet | 1L","1",62.5
"Beverage","Squeezed 4U Calamansi Concentrated Honey | 320ml","320",184.5
"Beverage","Smart C Juice Drink Pomelo Grapefruit | 500ml","500",34.5
"Beverage","Smart C Calamansi Splash | 500ml","500",34.5
"Beverage","Smart C Juice Drink Lemon Squeeze | 500ml","500",34.5
"Beverage","Plus Juice Mango | 250ml","250",11.5
"Beverage","Plus Juice Apple | 250ml","250",1
"Beverage","Plus Juice Orange | 250ml","250",1
"Beverage","Mogu Mogu Yogurt | 320ml","320",45
"Beverage","Mogu Mogu Grape Juice | 320ml","320",45
"Beverage","Mogu Mogu Stawberry Juice | 320ml","320",45
"Beverage","Mogu Mogu Juice Drink Coconut | 320mL","320",45
"Beverage","Mogu Mogu Juice Drink Lychee | 320mL","320",45
"Beverage","Minute Maid Juice Drink Fresh Orange | 800ml","800",40.5
"Beverage","Minute Maid Nutri + Mango Orange | 1L","1",53.75
"Beverage","Minute Maid Juice Drink Fresh Orange | 1L","1",53.75
"Beverage","Del Monte Fit N Right Pineapple | 1L","1",89.5
"Beverage","Del Monte Fit N Right Four Seasons | 1L","1",89.5
"Beverage","Del Monte Juice Pineapple Heart Smart | 1L","1",130.5
"Beverage","Del Monte Juice Drink Pineorange | 1L Tetra","1",111.5
"Beverage","Del Monte Sweetened Pineapple Juice | 1L","1",108.95
"Beverage","Del Monte Juice Drink Four Season | 1.3L Canned","1.3",129.5
"Beverage","Del Monte Juice Drink Apple | 1.3L Canned","1.3",129.5
"Beverage","Del Monte Canned Juice Sweetened Pineapple | 220ml","220",36.5
"Beverage","Del Monte Juice Drink Mango | 240mL Canned","240",44.5
"Beverage","Del Monte Juice Drink Four Seasons | 240mL Canned","240",36.5
"Beverage","Del Monte Juice Drink Heart Smart Pineapple | 240mL Canned","240",38.95
"Beverage","Big 250 Juice Drink Mango | 250mL","250",1
"Beverage","Big 250 Juice Drink Orange | 250mL","250",1
"Beverage","Sting Energy Drink Strawberry | 320ml","320",21.95
"Beverage","Red Bull Energy Drink Supreme | 150ml","150",41.5
"Beverage","Gatorade Sports Drink Tropical Fruit | 1.5L","1.5",116.95
"Beverage","Gatorade Sports Drink Blue Bolt | 1.5L PET","1.5",101.25
"Beverage","Gatorade Sports Drink Pet Orange | 500ml","500",45
"Beverage","Gatorade Sports Drink Grape | 500mL PET","500",45
"Beverage","Gatorade Sports Drink Tropical | 500mL PET","500",45
"Beverage","Gatorade Sports Drink Blue Bolt | 500mL PET","500",45
"Beverage","Kopiko L.A.Coffee Minibag | 25g 10pcs","25",82.5
"Beverage","Extra Joss Energy Drink | 4g 6pcs","4",51.5
"Beverage","Cobra Berryblast Energy Drink | 330ml","330",20.5
"Beverage","Cobra Smart Energy | 330ml","330",21.5
"Beverage","Cobra Energy Drink | 330ml","330",20.5
"Beverage","Tiger Beer Black Strong | 500mL can","500",74.5
"Beverage","Tanduay Ice Signature Vodka Lemonade | 330ml","330",38.5
"Beverage","Tanduay Ice Light Alcomix Pomelo | 330ml","330",35.95
"Beverage","Tanduay Ice Alcomix Red Miracle | 330ml","330",35.95
"Beverage","Tanduay Ice Alcomix Blue Illusion | 330ml","330",35.95
"Beverage","Tanduay Ice Original | 330ml","330",35.95
"Beverage","San Miguel Beer Super Dry Can | 330ml","330",79.5
"Beverage","San Miguel Beer Lemon Can | 330ml","330",54.5
"Beverage","Heineken Beer Can | 330ml","330",76.5
"Beverage","Heineken Beer Can | 500ml","500",112.5
"Beverage","Heineken Beer in Bottle | 330ml","330",76.5
"Beverage","Jele Beautie Drink Strawberry | 150ml","150",31.5
"Beverage","Jele Beautie Drink Lychee | 150ml","150",31.5
"Beverage","Jele Beautie Drink Mixed Fruit | 150ml","150",31.5
"Beverage","Johnnie Walker Black Scotch Whiskey | 1L With 50ml 2pcs","1",1369
"Beverage","Ichitan Thai Milk Tea | 310ml","310",45
"Beverage","Ichitan Thai Milk Coffee | 310ml","310",45
"Beverage","Heineken Beer Silver Bottle | 330ml","330",76.5
"Beverage","Heineken Beer Silver Can | 330ml","330",76.5
"Beverage","H&Y Jellybee Choco M | 24pcs (76.80g)","24",30
"Beverage","GSM Blue Mojito Flavored Spirit | 1L","1",189
"Beverage","Good Day Coffee Grande White | 30pcs 25g","30",208.5
"Beverage","Good Day Coffee Grande White | 10pcs 25g","10",69.5
"Beverage","Gaya Farm Sweet White Peach | 1.5L","1.5",199.5
"Beverage","Gaya Farm Pulpy Aloe Vera | 1.5L","1.5",179.5
"Beverage","Gatorade Citrus Quench No Sugar | 1.5L","1.5",119.5
"Beverage","Fundador Super Special | 1L","1",295
"Beverage","Extra Joss Maxx Mixed Berries | 237ml","237",14.5
"Beverage","Extra Joss Maxx Mixed Fruits | 237ml","237",14.5
"Beverage","Del Monte Pineapple Fiber-Enriched Save 10 | 220ml 6pcs","220",227
"Beverage","Del Monte Pineapple Ace Save 10 | 220ml 6pcs","220",209
"Beverage","Del Monte Heart Smart Pineapple Save 10 | 220ml 6pcs","220",227
"Beverage","Del Monte Four Seasons Save 10 | 220ml 6pcs","220",209
"Beverage","Del Monte Canned Pineapple Juice 2T | 530ml","530",66.5
"Beverage","Coke Zero Can Save P15 | 320ml 6pcs","320",200
"Beverage","Coke Can Save 15 Php | 320ml 6pcs","320",200
"Beverage","Choko Choko Refill | 50pcs","50",76.5
"Beverage","Cafe Puro Glass Regency | 50g","50",73.5
"Beverage","Cafe Puro Ep | 100g","100",92.5
"Beverage","Cafe Barako De Lipa Coffee | 350g","350",299.5
"Beverage","Blend 45 Malunggay Doble Pack | 52g 10pcs","52",124.5
"Beverage","Nescafe Gold Intense | 50g","50",164.5
"Beverage","Pocari Sweat Ion Drink | 900ml","900",84.5
"Beverage","7Up Regular | 2L","2",78.95
"Beverage","Cream All Creamer | 5g 24pcs","5",46.5
"Beverage","Royal Pet Tru Orange | 500ml","500",37.95
"Beverage","Coke Pet Light | 500ml","500",37.95
"Beverage","Coke Zero | 500ml","500",37.5
"Beverage","Coke Pet Regular | 500ml","500",37.5
"Beverage","Coke Zero Sugar Vanilla | 320ml","320",37.5
"Beverage","Absolute Distilled Water | 1L","1",25
"Beverage","Minute Maid Nutri Plus Orange Mango | 330ml","330",26.5
"Beverage","Jele Beautie Drink Grape | 150ml","150",31.5
"Beverage","Jele Beautie Drink Acai Berry | 140ml","140",31.5
"Beverage","Jele Beautie Drink Black Curran | 150ml","150",31.5
"Beverage","Starbucks Double Shot Espresso | 220ml","220",89.5
"Beverage","Starbucks Frappucino Mocha | 280ml","280",109.5
"Beverage","Starbucks Frappucino Coffee | 280ml","280",109.5
"Beverage","Aldi Foods Turmericwt Calamansi | 500g","500",389.5
"Beverage","Turmeric Calamansi Tea | 180g","180",142.5
"Beverage","Minute Maid Nutri + Mango Orange | 240ml","240",27.95
"Beverage","Minute Maid Nutri + Orange | 240ml","240",27.95
"Beverage","Mogu Mogu Jelly Strawberry With Nata | 150g","150",38.95
"Beverage","Mogu Mogu Jelly Lychee With Nata | 150g","150",38.95
"Beverage","C2 Peach | 500ml","500",31.5
"Beverage","C2 Peach Solo | 230ml","230",13.95
"Beverage","C2 Peach | 1L","1",56.5
"Beverage","Kanto Vodka Salted Caramel | 700ml","700",1080
"Beverage","Ube Cream Liqueur | 700ml","700",1620
"Beverage","Agimat Gin | 700ml","700",1950
"Beverage","Nutrifizz Lemon Lime |330ml","330",44.5
"Beverage","Nutrifizz Yogurt Soda |330ml","330",44.5
"Beverage","Kopiko Winter Blend Mallows |40g 10pcs","40",132.5
"Beverage","Kopiko Winter Blend Chocolate Sprinkler |31g 10pcs","31",132.5
"Beverage","SM Bonus Fp Orange Juice | 200ml","200",9
"Beverage","Philbrand Sweet Lemonsito Puree | 1kg","1",204.5
"Beverage","Sola Iced Tea Red Apple | 473ml","473",62.5
"Beverage","Rite N Lite Watermelon + Apple | 250ml","250",29.5
"Beverage","Rite N Lite Strawberry + Kiwi | 250ml","250",29.5
"Beverage","Carnival Red Party Disposable Cups 20pcs | 16oz","20",103.75
"Beverage","Novellino Hamper | 750ml 3pcs","750",780
"Beverage","Wilkins Pure Water | 1L","1",17.5
"Beverage","Wilkins Pure Water | 500ml","500",11
"Beverage","Rc Cola No Sugar | 1L","1",39.5
"Beverage","Smart C Honey Calamansi | 500ml","500",34.5
"Beverage","Smart C Cranberry Dew | 500ml","500",34.5
"Beverage","Ceres Tropical Blast Nectar | 1L","1",109.5
"Beverage","Ceres Multifruit Blast Nectar | 1L","1",109.5
"Beverage","Ceres Mango Orange Twist Nec Tar | 1L","1",109.5
"Beverage","Ceres Mango Fruit Juice | 1L","1",166.5
"Beverage","J&B Rare Scotch Whisky | 700ml","700",349
"Beverage","Johnnie Walker Red Label | 375ml","375",330
"Beverage","Charles & James Light Whisky | 1L","1",299
"Beverage","Lo'r Essenso 2in1 Columbian | 16g 8pcs","16",164.5
"Beverage","Lo'r Essenso 3in1 Brazillian | 25g 8pcs","25",164.5
"Beverage","Lo'r Essenso 2in1 Regular | 25g 8pcs","25",164.5
"Beverage","Lo'r Essenso 2in1 Regular | 16g 8pcs","16",164.5
"Beverage","Philbrand Four Season Nectar No Sugar | 250ml","250",54.5
"Beverage","Philbrand Mango Nectar No Sugar | 250ml","250",61.5
"Beverage","Philbrand Calamansi Nectar No Sugar | 250ml","250",46.5
"Beverage","Philbrand Guava Nectar No Sugar | 250ml","250",49.5
"Beverage","Swiss Miss Funtasy Mallows | 28g","28",16.75
"Beverage","Ichitan Brown Sugar Milk | 310ml","310",45
"Beverage","Jack Daniels Coke | 320ml","320",84.5
"Beverage","Culture Blends Salted Caramel | 25g 7pcs","25",104.5
"Beverage","Blend 45 Kondensada Twinpack | 40g 10pcs","40",126.5
"Beverage","Johnnie Walker Blue Cask Edition | 1L","1",14500
"Beverage","Singleton Single Malt 15yo | 700ml","700",3340
"Beverage","Del Monte Melon Cucumber | 1L","1",111.5
"Beverage","Sprite Lemon+ Can | 320ml","320",37.5
"Beverage","Barefoot Pink Moscato | 750ml","750",484
"Beverage","San Miguel Cerveza Blanca Can | 330ml","330",79.5
"Beverage","Alaska Fruitti Yo! Strawberry | 80ml 6pcs","80",56.5
"Beverage","Alaska Fruitti Yo! Apple | 80ml 6pcs","80",56.5
"Beverage","Frontera Hamper | 750ml 2pcs","750",830
"Beverage","Rainbow Magic Goku Goku Jelly Drink | 230g","230",13.5
"Beverage","Cadbury Roast Almond Tin Can | 200g","200",339.5
"Beverage","Cadbury Fruit & Nut Tin Can | 200g","200",339.5
"Beverage","Culture Blend 3in1 Energy Creamy Bag | 25g 10pcs","25",133.95
"Beverage","Coke Zero | 180ml 6pcs","180",139.5
"Beverage","Popping Boba Icetea Mango | 320g","320",59.5
"Beverage","Popping Boba Icetea Strawberry | 320g","320",59.5
"Beverage","Popping Boba Icetea Lychee | 320g","320",59.5
"Beverage","Coco Gurt Original | 280g","280",76.5
"Beverage","Coco Gurt Mango | 280g","280",76.5
"Beverage","100% Fruitjuice With Pulp Pineapple | 490g","490",72.5
"Beverage","100% Fruitjuice With Pulp Mango | 490g","490",72.5
"Beverage","100% Fruitjuice With Pulp Soursop | 490g","490",72.5
"Beverage","Taguchen Tea Bages Green | 2g 17pcs","2",259.5
"Beverage","Yamang Bukid Turmeric 10 in 1 Pouch | 400g","400",381.5
"Beverage","Sunsoya Matcha Latte 3 in 1 Milk Tea | 20g 10pcs","20",174.95
"Beverage","Sunsoya Cofee 3 in 1 Milk Tea | 20g 10pcs","20",174.95
"Beverage","Sunsoya Classic Milk Tea | 20g 10pcs","20",174.95
"Beverage","Sunsoya Choco 3 in 1 Milk Tea | 20g 10pcs","20",174.95
"Beverage","Royal Tea Milk Pouch | 14g","14",328.5
"Beverage","Kankunis Herbal Tea In Can | 20pcs","20",224.5
"Beverage","Heath & Heather Organic Manuka | 2g 20pcs","2",199.5
"Beverage","Heath & Heather Organic Lemon | 1.5g 20pcs","1.5",199.5
"Beverage","Heath & Heather Organic Matcha | 2g 20pcs","2",199.5
"Beverage","Heath & Heather Organic Ginger | 2g 20pcs","2",199.5
"Beverage","Heath & Heather Organic Green Tea Jasmine | 30g 20pcs","30",199.5
"Beverage","Celestial Tea Lemon Zinger | 47g 20pcs","47",216.5
"Beverage","Celestial Tea Decaf Green | 36g 20pcs","36",216.5
"Beverage","Biofit Herbal Dietary Tea | 30pcs","30",179.5
"Beverage","Bahi Turmeric Tea | 180g","180",144.5
"Beverage","Clipper Snore & Peace Organic Tea | 30g 20pcs","30",254.5
"Beverage","Nestle Coffeemate Original | 16oz (453.5g)","453.5",299.5
"Beverage","UCC Special Blended Coffee | 90g","90",569.5
"Beverage","UCC Coffee Class One Premium | 210g","210",759.5
"Beverage","UCC Coffeeblend Taste No.118 | 90g","90",479.5
"Beverage","UCC Coffeeblend Taste No.117 | 90g","90",599.5
"Beverage","UCC Coffeeblend Taste No.114 | 90g","90",599.5
"Beverage","UCC Coffee Blend Taste No.113 | 90g","90",479.5
"Beverage","San Mig Coffee 3 in 1 Sugarfree Mild Flavor | 7g 10pcs","7",77.5
"Beverage","Owl Kopitiam Roast 3 in 1Coffee | 20g 25pcs","20",294.5
"Beverage","Owl 3 in 1 Instant Coffee Strong | 20g 35pcs","20",266.5
"Beverage","Nescafe Gold Intense | 200g","200",537.75
"Beverage","Kopiko Café Mocha Twin Pack | 51g 5pcs","51",71.5
"Beverage","Jimm's 5in1 Cofee SF With Stevia | 10g 20pcs","10",252.5
"Beverage","Illy Ground Coffee Dark Roast | 250g","250",849.5
"Beverage","Illy Decaf Coffee Beans | 250g","250",849.5
"Beverage","Illy Dark Roasted Coffee Beans | 250g","250",849.5
"Beverage","Great Taste White Smooth & Choco | 30g 10pcs","30",89.5
"Beverage","Great Taste Granules Strong | 40g","40",52.95
"Beverage","Great Taste Granules Strong | 20g","20",26.75
"Beverage","Great Taste Premium Classic Stick | 2g 36pcs","2",104.5
"Beverage","The Coffee Bean & Tea Leaf Mocha Latte | 240ml","240",94.5
"Beverage","The Coffee Bean & Tea Leaf Cafe Latte | 240ml","240",94.5
"Beverage","Siete Baracos Coffee Black Gold Ground | 454g","454",509.5
"Beverage","Siete Baracos Coffee All Purpose Ground | 454g","454",414.5
"Beverage","Megans Premium Choco Tablea | 200g","200",146.5
"Beverage","Energen Champion Twin Pack | 60g 8pcs","60",139.5
"Beverage","Cocoa Monster Premium Pure Tablea Box | 168g","168",214.5
"Beverage","Cocoa Monster Pure Tablea Big | 150g","150",130
"Beverage","Alfonso's 3In1 Instant Hot Choco Cup | 30g","30",23.5
"Beverage","Alfonso's 3In1 Gourmet Choco Mix | 30g","30",119.5
"Beverage","Alfonso's Choco Champorado | 55g","55",32.5
"Beverage","Volvic Natural Mineral Water | 500ml","500",64.5
"Beverage","Volvic Natural Mineral Water | 1.5L","1.5",139.5
"Beverage","Perrier Bottle 33CL | 330ml","330",82
"Beverage","Evian Natural Mineral Water | 500ml","500",74.5
"Beverage","Evian Natural Mineral Water Rebirth | 750ml","750",139.5
"Beverage","Blue Cactus Tangerine | 500ml","500",37.5
"Beverage","Rauch Nativa Juice Green Tea Lemon | 1L","1",134.5
"Beverage","Nockchawon Honey Citron Tea | 480g","480",369.5
"Beverage","Mr. Brown Velvet Milktea | 580ml","580",71.5
"Beverage","Mine Shine Milk Tea Drink | 600ml","600",72.5
"Beverage","Kirin Afternoon Milk Tea | 500ml","500",116.5
"Beverage","Unif Premium Assam Milk Tea | 500ml","500",62.5
"Beverage","Zest O Fruit Soda Pomelo | 1.5L","1.5",61.5
"Beverage","Zest O Pet Root Beer | 1.5L","1.5",61.5
"Beverage","Royal Can Tru Lemon | 320ml","320",37.5
"Beverage","Rite N Lite Rootbeer | 250ml","250",29.5
"Beverage","Rite N Lite Peach | 250ml","250",29.5
"Beverage","Rite N Lite Lemon Lime | 250ml","250",29.5
"Beverage","Rite N Lite Lemon | 250ml","250",29.5
"Beverage","Rite N Lite Cucumber | 250ml","250",29.5
"Beverage","Rite N Lite Orange | 250ml","250",29.5
"Beverage","Zest O Fresh Pick Orange Juice | 200ml","200",11.5
"Beverage","Vita Coco Coconut Water | 330ml","330",47.5
"Beverage","The Berry Company Superberry Red Juice | 1L","1",188.5
"Beverage","The Berry Company Superberry Purple Juice | 1L","1",188.5
"Beverage","The Berry Company Blueberry Juice | 1L","1",188.5
"Beverage","Phil Brand Pineapple Juice Nectar | 250ml","250",32.5
"Beverage","Phil Brand Canned 202 Mango Juice | 250ml","250",44.5
"Beverage","Lipa Canned Fresh Buko Juice | 520ml","520",82.5
"Beverage","Del Monte Tipco 100% Red Grape | 1L","1",162.5
"Beverage","Del Monte Tipco 100% Cherryberry | 1L","1",162.5
"Beverage","Chamdor White | 750ml","750",375
"Beverage","Chamdor Sparkling Red Grape Juice | 750ml","750",375
"Beverage","Walsh Grenadine Syrup | 750ml","750",208
"Beverage","Fortunella Red Wine | 750ml","750",397
"Beverage","Dalmore 15YO | 700ml","700",8170
"Beverage","Dalmore 12YO | 700ml","700",4800
"Beverage","Carlos Light | 1L","1",438
"Beverage","Captain Morgan Original Spiced Rum | 750ml","750",515
"Beverage","Barefoot Rose | 750ml","750",484
"Beverage","Antonov Vodka | 700ml","700",218
"Beverage","Andy Player Blended Whisky | 500ml","500",185
"Beverage","San Mig Pale Pilsen | 330ml 6pcs","330",327
"Beverage","San Mig Light Can | 330ml 6pcs","330",327
"Beverage","Red Horse Can | 330ml 6pcs","330",323.5
"Beverage","Primera Light Brandy | 750ml","750",140
"Beverage","Heineken Bottle | 330ml 6packs","330",444
"Beverage","Tang Fruit & Vegetable Orange+Carrot | 19g","19",21.5
"Beverage","Tang Fruit & Vegetable Dalandan+Malunggay | 19g","19",21.5
"Beverage","Starbucks Caramel Macchiato Capsules | 127.8g 12pcs","127.8",519.5
"Beverage","Starbucks Cappuccino Capsules | 120g 12pcs","120",519.5
"Beverage","Starbucks Americano Capsules | 102g 12pcs","102",449.5
"Beverage","Kopiko Lucky Day Rtd | 180ml","180",23.5
"Beverage","Great Taste Supreme Toffee Hazelnut | 26g 10pcs","26",99.5
"Beverage","Great Taste Supreme Black Forest | 26g 10pcs","26",99.5
"Beverage","Great Taste Granules | 1.8g 36pcs","1.8",109.5
"Beverage","Gatorade No Sugar Citrus | 500ml","500",45
"Beverage","Gatorade No Sugar Blue Bolt | 500ml","500",45
"Beverage","Evina Turmeric And Lemongrass | 250g","250",134.5
"Beverage","Bahi Ginger Tea | 500g","500",316.5
"Beverage","Evina Tea Freshmint | 12g 20pcs","12",138.95
"Beverage","Mountain Brew Arabica Blend Whole | 250g","250",229.5
"Beverage","Yamang Bukid Turmeric 10 in 1 Pouch | 100g","100",161.5
"Beverage","Aldi Turmeric Ginger Tea | 2g 12pcs","2",144.5
"Beverage","Dewars 8YO Ilegal Smooth | 750ml","750",1140
"Beverage","Good Day Chococino Twinpack | 50g 5pcs","50",47.5
"Beverage","Good Day Vanilla Latte Twinpack | 50g 5pcs","50",47.5
"Beverage","Good Day Mocacino Twinpack | 50g 5pcs","50",47.5
"Beverage","Franzia Caberet Sauvignon | 3L","3",1285
"Beverage","Franzia Merlot | 3L","3",1285
"Beverage","Emperador Coffee Brandy | 750ml","750",153
"Beverage","Don Papa Masskara Rum | 700ml","700",1430
"Beverage","Jura 12YO Sherry Cask | 700ml","700",2620
"Beverage","Arbor Mist Peach Moscato | 750ml","750",433
"Beverage","Arbor Mist Raspberry Pink Moscato | 750ml","750",433
"Beverage","Lemon Dou Signature Lemon | 330ml","330",67.5
"Beverage","Lemon Dou Honey Lemon | 330ml","330",64.5
"Beverage","Lemon Dou Devil Lemon | 330ml","330",70.95
"Beverage","Treetop Apple | 1L","1",186.5
"Beverage","Hoegaarden Rosee Can | 500ml","500",149
"Beverage","Hoegaarden White Beer Can | 500ml","500",112
"Beverage","Chingu Watermelon Soju | 360ml","360",115
"Beverage","Chingu Grape Soju | 360ml","360",115
"Beverage","Woomera White Moscato | 750ml","750",455
"Beverage","Woomera Sweet Red Wine | 750ml","750",380
"Beverage","Casa Lo Matta Merlot | 750ml","750",327
"Beverage","Casa Lo Matta Cabarnet Sauvignon | 750ml","750",327
"Beverage","Bacardi Zombie | 750ml","750",797
"Beverage","Bacardi Rum Punch | 750ml","750",797
"Beverage","Lolea Sparkling Sangria Red | 750ml","750",700
"Beverage","Dewars 8YO Caribbean Smooth Whisky | 750ml","750",1140
"Beverage","Ballantines Finest Whisky | 700ml","700",589
"Beverage","Tanqueray Sevilla | 1L","1",1770
"Beverage","Ginto Barrel Aged Gin | 600ml","600",140
"Beverage","Tanduay Cocktails Green Margarita | 3L","3",420
"Beverage","Tanduay Cocktails Pinacolada | 3L","3",420
"Beverage","Tanduay Cocktails Strawberry Daiquiri | 3L","3",420
"Beverage","Novellino Sparkling Juice Red | 750ml","750",235
"Beverage","Twinings Cold Infuse Strawberry & Mint | 2.5g 12pcs","2.5",304.5
"Beverage","Twinings Cold Infuse Passion Fruit & Mango | 2.5g 12pcs","2.5",304.5
"Beverage","Twinings Cold Infuse Berry & Apple | 2.5g 12pcs","2.5",304.5
"Beverage","UCC Milk Coffee RTF Pet | 250ml","250",99.95
"Beverage","Jack Daniels Tennessee Honey | 700ml","700",1220
"Beverage","Tamnavulin Shery Cask Edition | 700ml","700",1687
"Beverage","Fettercairn 12YO Single Malt Whisky | 700ml","700",3650
"Beverage","UCC Black Coldbrew Coffe Rtd Pet | 500ml","500",104.5
"Beverage","Good Day Korean Melon Soju | 360ml","360",109.5
"Beverage","Good Day Korean Apple Soju | 360ml","360",109.5
"Beverage","Pacquiao 3in1 Coffee White Twinpack | 48g 5pcs","48",70
"Beverage","Pacquiao 3in1 Coffee Brown Twinpack | 48g 5pcs","48",70
"Beverage","Pacquiao 3in1 Coffee Original Twinpack | 48g 5pcs","48",70
"Beverage","Culture Blend Choco Mocha | 27g 7pcs","27",89.5
"Beverage","Culture Blend 3in1 American Blend | 20g 7pcs","20",89.5
"Beverage","Culture Blend White Coffee | 30g 7pcs","30",89.5
"Beverage","Squeezed 4 U Calamansi Concentrate | 750ml","750",349.5
"Beverage","Twinings Pure Green Tea | 2g 10pcs","2",139.5
"Beverage","Twinings Pure Camomile | 1g 10pcs","1",139.5
"Beverage","Twinings Lemon & Ginger | 1.5g 10pcs","1.5",139.5
"Beverage","Ucc Ice Creamy 3In1 Coffee Mix | 25g 10pcs","25",141.5
"Beverage","Lipton Mandarin Orange Red Tea | 1L","1",54.5
"Beverage","Lipton Lemon Black Tea | 1L","1",54.5
"Beverage","So Nice Original | 360ml","360",70
"Beverage","Rite N Lite Lychee | 250ml","250",29.95
"Beverage","Rite N Lite Calamansi | 250ml","250",29.95
"Beverage","Evina Turmeric And Kalamansi | 250g","250",134.5
"Beverage","Nestle Cucumber Lemonade | 140g","140",225
"Beverage","Aldi Turmeric Ginger Lemongrass Tea | 180g","180",149.5
"Beverage","Aldi Pureblend Gingerbrew | 500g","500",334.5
"Beverage","Aldi Pureblend Gingerbrew | 200g","200",134.5
"Beverage","Aldi Turmeric Ginger & Lemon Pouch | 500g","500",389.5
"Beverage","Aldi Turmeric Ginger & Lemon Grass | 14g 12pcs","14",197.5
"Beverage","Milo Active Go | 1kg","1",289.5
"Beverage","Rico Matcha Bubble Milk Tea 350g","350",53.5
"Beverage","Rico Taro Bubble Milk Tea 350g","350",53.5
"Beverage","Rico Bubble Milk Tea 350g","350",53.5
"Beverage","Rico Brown Sugar Bubble Milk Tea 350g","350",53.5
"Beverage","Evina Ins Tea Turmeric Cinamon | 12g 20pcs","12",138.95
"Beverage","Evina Instant Tea Ginger Strong | 12g 20pcs","12",196.5
"Beverage","Evina Ins Tea Ginger Lemongrass | 7g 20pcs","7",179.5
"Beverage","Evina Instant Tea Ginger Citrus | 12g 20pcs","12",138.95
"Beverage","Evina Ginger Tea Original | 12g 20pcs","12",138.95
"Beverage","Mountain Brew Barako Blend Ground | 250g","250",184.5
"Beverage","Mountain Brew Arabica Blend Ground | 250g","250",229.5
"Beverage","Elisha Sparkling Orange | 350ml","350",49.5
"Beverage","Elisha Sparkling Kiwi Watermelon | 350ml","350",49.5
"Beverage","Elisha Sparkling Green Apple | 350ml","350",49.5
"Beverage","Good Day Coffee Latte | 28g 10pcs","28",86.5
"Beverage","Ito En Oi Ocha Green Tea | 2g 20pcs","2",290
"Beverage","Twinnings Strawber Mango Tea | 2g 25pcs","2",339.5
"Beverage","Twinnings Lady Grey Tea | 2g 25pcs","2",329.5
"Beverage","Twinnings Wild Berry Tea | 2g 25pcs","2",329.5
"Beverage","May Sparkling Juice Apple | 750ml","750",229.95
"Beverage","Good Day Capuccino | 25g 30pcs","25",229.5
"Beverage","Del Monte Tipcp 100% Orange Mix | 1L","1",162.5
"Beverage","Starbucks Frappucino Coffee | 281ml","281",149.5
"Beverage","Locally Super Fruits Mangosteen | 1L","1",149.5
"Beverage","Twinnings Earl Grey Tea | 2g 10pcs","2",149.5
"Beverage","Twinnings Green Tea Jasmine | 1.8g 10pcs","1.8",149.5
"Beverage","Twinnings English Breakfast Tea | 2g 10pcs","2",149.5
"Beverage","San Mig Coffee Sugarfree White Tipid | 9g 20pcs","9",169.5
"Beverage","Harvey Fresh Juice Tropical | 1L","1",149.5
"Beverage","Harvey Fresh Juice Apple | 1L","1",149.5
"Beverage","Harvey Fresh Juice Orange | 1L","1",149.5
"Beverage","Locally Blended Juice Pink Guava | 1L","1",114.5
"Beverage","Fontana Juice Lemonade | 1L","1",107.95
"Beverage","Fontana Juice Grapefruit | 1L","1",107.95
"Beverage","Natures Spring Distilled Water | 10L","10",99.5
"Beverage","Dole Pineapple Juice | 1.36L","1.36",142.5
"Beverage","Energen Pandesal Mate | 30g 10pcs","30",94.5
"Beverage","Energen Champion Chocomalt Drink | 30g 10pcs","30",94.5
"Beverage","Tiger Beer Crystal Light Can | 500ml","500",91.5
"Beverage","Good Day Capuccino | 25g 10pcs","25",76.5
"Beverage","San Miguel Super Dry Beer Bottle | 330ml","330",79.5
"Beverage","Sunkist Premium Orange | 1L","1",99.5
"Beverage","Sunkist Premium Apple | 1L","1",89.5
"Beverage","Treetop Cranberry Juice | 330ml","330",94.5
"Beverage","Maya Champorado | 227g","227",74.5
"Beverage","Mogu Mogu Pink Guava | 320ml","320",45
"Beverage","Sarap Pinoy Champorado | 113.5g","113.5",36.75
"Beverage","Dole Pineapple Juice Unsweetened | 240ml","240",37.5
"Beverage","Locally Blended Juice Can Dalandan | 240ml","240",35.95
"Beverage","Locally Blended Juice Can Calamansi | 240ml","240",35.95
"Beverage","SmartC Juice Drink Pomelo Grapefruit | 350ml","350",27.5
"Beverage","SmartC Juice Drink Orange Crush | 350ml","350",27.5
"Beverage","SmartC Juice Drink Lemon Squeeze | 350ml","350",27.5
"Beverage","SmartC Juice Drink Dalandan Burst | 350ml","350",27.5
"Beverage","SmartC Juice Drink Calamansi Splash | 350ml","350",27.5
"Beverage","Natures Spring Ph 9.0 Alkaline | 1L","1",23.5
"Beverage","Yellow Tail Gold Moscato | 750ml","750",550
"Beverage","Tanduay Daiquiri | 700ml","700",140
"Beverage","Tanduay Dark & Stormy | 700ml","700",140
"Beverage","Good Day Friz Original | 240ml","240",37.5
"Beverage","Good Day Friz Orange | 240ml","240",37.5
"Beverage","Cobra Rise Lemon Blast | 290ml","290",21.5
"Beverage","Cobra Rise Blue Cola | 290ml","290",21.5
"Beverage","Charles & James Extra | 1L","1",450
"Beverage","C2 Dalandan Solo | 230ml","230",13.95
"Beverage","C2 Dalandan | 335ml","335",23.55
"Beverage","C2 Freeze Melon Solo | 335ml","335",23.55
"Beverage","C2 Freeze Melon Solo | 230ml","230",13.95
"Beverage","Martell XO Supreme Cognac | 700ml","700",12150
"Beverage","Absolut Swedish Vodka 40PF Blue | 1L","1",1060
"Beverage","Ceres Fruit Juice Orange | 1L","1",166.5
"Beverage","Happy Day Tetra Juice Apple | 1L","1",169.95
"Beverage","Happy Day Juice Orange | 1L","1",179.5
"Beverage","Happy Day Juice Multivitamin | 1L","1",169.95
"Beverage","Ceres Fruit Juice Cranberry & Kiwi | 1L","1",166.5
"Beverage","Ceres Tetra Fruit Juice Apple | 1L","1",166.5
"Beverage","Ceres Fruit Juice Red Grape | 1L","1",166.5
"Beverage","Fontana Juice Pomegranate Apple | 1L","1",126.5
"Beverage","UCC 3in1 Coffee Strong | 20g 10pcs","20",134.5
"Beverage","UCC 3in1 Coffee Regular | 20g 10pcs","20",134.5
"Beverage","UCC Roastmaster Dropcofee Sumiyaki | 8g 8pcs","8",234.5
"Beverage","UCC Roastmaster Dropcofee Italian Roast | 8g 8pcs","8",224.5
"Beverage","UCC Roastmaster Dropcofee Special Blend | 8g 8pcs","8",224.5
"Beverage","Jimms Roasted Ground Coffee| 250g","250",454.5
"Beverage","Mogu Mogu Cotton Candy | 320ml","320",45
"Beverage","Mogu Mogu Bubble Gum | 320ml","320",45
"Beverage","Nescafe 3In1 Creamy Latte | 20g 20pcs","20",185
"Beverage","Nestle Coffeemate Sachet | 5g 24pcs","5",50
"Beverage","Chivas Regal 12yo Scotch Whisky | 700ml","700",1049
"Beverage","Carlos 1 Solera Brandy | 700ml","700",1130
"Beverage","Stella Artois Prem Lager Beer | 310ml","310",125
"Beverage","Carlo Rossi California Red | 3L","3",1375
"Beverage","42 Below Vodka | 750ml","750",1116.28
"Beverage","Locally Blended Juice Mango | 1L","1",114.5
"Beverage","Fontana Juice Tomato | 1L","1",107.95
"Beverage","Fontana Juice Grape | 1L","1",107.95
"Beverage","Fontana Juice Apple | 1L","1",107.95
"Beverage","Fontana Juice Orange | 1L","1",107.95
"Beverage","Tsingtao Beer Can | 500ml","500",92
"Beverage","Sapporo Premium Bottled Beer | 330ml","330",111
"Beverage","Jameson Irish Whisky | 700ml","700",929
"Beverage","Absolut Swedish Vodka Kurant | 700ml","700",965
"Beverage","Absolut Swedish Vodka Citron | 700ml","700",875
"Beverage","Strong Zero Double Lemon | 350ml","350",105
"Beverage","Strong Zero Shekwasha | 350ml","350",105
"Beverage","Sapporo Premium Canned Beer | 330ml","330",106
"Beverage","Fundador Ultra Smooth | 1.75ml","1.75",972
"Beverage","Tequila Rose | 750ml","750",1155
"Beverage","Bacardi Apple | 750ml","750",850
"Beverage","Bacardi Lemon | 750ml","750",1175
"Beverage","Stella Artois Candy | 330ml","330",100
"Beverage","Martell Cordon Bleu | 700ml","700",10440
"Beverage","Jager Meister Liqueur | 700ml","700",870
"Beverage","Martini Prosecco | 750ml","750",965
"Beverage","Martini Rose | 750ml","750",965
"Beverage","Martini & Rossi Asti Spumante | 750ml","750",965
"Beverage","Alfonso 1 Brandy | 1.75L","1.75",965
"Beverage","Jose Cuervo Gold Espl Tequilla | 700ml","700",899
"Beverage","Beringer Fndrs Est Merlot | 750ml","750",985
"Beverage","Beringer Fndrs Est Cabernet Sauvignon | 750ml","750",985
"Beverage","Franzia California Red | 3L","3",999
"Beverage","Franzia Chillable Red | 3L","3",999
"Beverage","Jose Cuervo Classico Tequilla | 700ml","700",925
"Beverage","Two Oceans Sauvignon Merlot | 1.5L","1.5",965
"Beverage","Tanqueray London Dry Gin | 750ml","750",899
"Beverage","Montes Classic Series Cnet Sauvgnn | 750ml","750",1135
"Beverage","Montes Classic Series Merlot | 750ml","750",1135
"Beverage","Absolut Swedish Vodka 40PF Blue | 700ml","700",790
"Beverage","Stoli Chnaya Vodka | 750ml","750",590
"Beverage","Natures Spring PH9.0 Alakaline | 6L","6",91.5
"Beverage","Hoegaarden White Can | 330ml","330",103
"Beverage","Jacobs Creek Merlot | 750ml","750",530
"Beverage","Fundador Gold Reserve | 700ml","700",740
"Beverage","Martini Rossi Vermouth Rosso | 1L","1",975
"Beverage","Kahlua Liquiour | 700ml","700",760
"Beverage","Jacobs Creek Shiraz Cabernet | 750ml","750",530
"Beverage","San Miguel Bottle Premium Malt Beer | 330ml","330",79.5
"Beverage","Gatorade Sports Drink Pet Blue Bolt | 900ml","900",75.95
"Beverage","Bacardi Black | 750ml","750",960
"Beverage","Tanduay Rhum 5yo 80PF | 375ml","375",79
"Beverage","San Miguel Bottle Cerverza Negra | 330ml","330",79.5
"Beverage","Fundador Double Light | 1.75ml","1.75",695
"Beverage","Fundador Light | 1.75L","1.75",695
"Beverage","Chivas Regal Prem Scotch Whisky | 4.5L","4.5",8180
"Beverage","Jim Beam White 5yo Bourbon Whisky | 750ml","750",892
"Beverage","Bacardi Cranberry Rhum Mixed | 275ml","275",89
"Beverage","Chivas Regal Ryl Slte Scotch Whisky | 700ml","700",9000
"Beverage","Budweiser Can | 330ml","330",73
"Beverage","Mug Root Beer | 1.5L","1.5",65.95
"Beverage","Bacardi Mojito Classic | 750ml","750",797
"Beverage","Carlo Rossi Sweet Red | 1.5L","1.5",782
"Beverage","Carlo Rossi Red Muscat Wine | 1.5L","1.5",782
"Beverage","Carlo Rossi Spanada Sangria | 1.5L","1.5",782
"Beverage","Carlo Rossi Burgundy Red | 1.5L","1.5",782
"Beverage","So Nice Green Grape Soju | 360ml","360",70
"Beverage","So Nice Grapefruit Soju | 360ml","360",70
"Beverage","The Bar Pink Gin | 355ml","355",70
"Beverage","GSM Blue Light Gin | 350ml","350",69
"Beverage","Ginebra San Miguel Frasquito | 350ml","350",80
"Beverage","Mirinda Orange | 1.5L","1.5",64.5
"Beverage","Ginebra San Miguel Round | 350ml","350",77
"Beverage","Woodbridge Merlot | 750ml","750",790
"Beverage","Woodbridge Cabernet Sauvignon | 750ml","750",790
"Beverage","Woodbridge California Red Zinfandel | 750ml","750",790
"Beverage","Baileys Irish Cream | 700ml","700",850
"Beverage","SM Bonus Creamer Cannister | 3g 40pcs","3",64.5
"Beverage","Alfonso I Light | 1.75L","1.75",675
"Beverage","Budweiser | 330ml","330",79
"Beverage","Remy Martin Club | 700ml","700",5795
"Beverage","Bacardi Superior | 750ml","750",689
"Beverage","Bacardi Gold | 750ml","750",689
"Beverage","The Macallan 12yo Double Cask | 700ml","700",6750
"Beverage","Themacallan Snglmlt Sctch Yo 12yo | 700ml","700",8000
"Beverage","Kopiko Creamy Caramelo Twinpack | 50g 5pcs","50",71.5
"Beverage","Fundador Supremo 15yo | 1L","1",5545
"Beverage","Johnnie Walker Red Label Scotch Whisky | 700ml","700",599
"Beverage","Fundador Ultra Smooth | 1L","1",575
"Beverage","San Miguel Bottled Beer Zero | 330ml","330",61
"Beverage","Jamaica Lime Juice | 350ml","350",55
"Beverage","Yellow Tail Red Moscato | 750ml","750",550
"Beverage","Yellow Tail Moscato | 750ml","750",520
"Beverage","Yellow Tail Shiraz | 750ml","750",550
"Beverage","Yellow Tail Cabernet Sauvignon | 750ml","750",550
"Beverage","Yellow Tail Pink Moscato | 750ml","750",550
"Beverage","Tanduay Rhum 5y | 250ml","250",60
"Beverage","Club Mix Lime Juice | 350ml","350",56
"Beverage","Smirnoff Vodka Green Apple | 700ml","700",640
"Beverage","Treetop Canned Juice Apple | 320ml","320",59.95
"Beverage","Two Oceans Caberne Svgnon Merlot | 750ml","750",445
"Beverage","Smart C Juice Drink Pomelo | 1L","1",56.5
"Beverage","Smart C Juice Drink Lemon | 1L","1",56.5
"Beverage","San Mig Beer | 330ml","330",51.5
"Beverage","Ginebra San Miguel Angelito | 250ml","250",62
"Beverage","William Lawsons Blended Scotch Whisky | 750ml","750",620
"Beverage","Tanduay Premium 15yo Rhum | 700ml","700",463
"Beverage","Smirnoff Red Vodka | 700ml","700",600
"Beverage","Barefoot Sweet Red | 750ml","750",484
"Beverage","Barefoot Sauvignon Blanc | 750ml","750",484
"Beverage","Barefoot Red Moscato | 750ml","750",484
"Beverage","Barefoot Cabernet Sauvignon | 750ml","750",484
"Beverage","Terra Vega Cbernet Sauvignon Sweet Wine | 750ml","750",523
"Beverage","Johnnie Walker Black Scotch Whisky | 3L","3",5250
"Beverage","Imperial Blue Superior Whisky | 1L","1",428
"Beverage","Beringer Chardonnay | 750ml","750",575
"Beverage","Beringer Cabernet Sauvignon | 750ml","750",545
"Beverage","Hardy's Stamp Cabernet Merlot | 750ml","750",525
"Beverage","Beringer White Zinfandel | 750ml","750",575
"Beverage","Glenfidich Single Malt 18yo | 700ml","700",6275
"Beverage","Gossips Sweet Lips Pink Moscato | 750ml","750",510
"Beverage","Gossips Sweet Lip Dolcetto & Syrah | 750ml","750",510
"Beverage","Gossips Sweet Lips Wine | 750ml","750",510
"Beverage","Gossips Melot | 750ml","750",510
"Beverage","Gossips Cabernet Sauvignon | 750ml","750",510
"Beverage","Gossips Shiraz | 750ml","750",510
"Beverage","Terra Vega Merlot | 750ml","750",483
"Beverage","Terra Vega Cabernet Sauvignon | 750ml","750",483
"Beverage","Fundador Ultra Smooth | 700ml","700",425
"Beverage","Singleton Singlemalt Whisky 18yo | 700ml","700",6240
"Beverage","J Walker Gold Label Reserve | 1.75L","1.75",5275
"Beverage","Fundador Supremo 12yo | 1L","1",3885
"Beverage","Jose Cuervo Margarita Mix | 1L","1",382
"Beverage","Arbor Mist Blackberry Merlot | 750ml","750",433
"Beverage","Arbor Mist Red Moscato Cherry | 750ml","750",433
"Beverage","Hardy's Varietal Range Moscato | 750ml","750",460
"Beverage","Hardy's Varietal Range Cabernet Sauvignon | 750ml","750",460
"Beverage","Hardy's Varietal Range Merlot | 750ml","750",460
"Beverage","Hardy's Varietal Range Chardonnay | 750ml","750",460
"Beverage","Hardy's Varietal Range Shiraz | 750ml","750",460
"Beverage","Mogu Mogu Melon | 320ml","320",45
"Beverage","Alfonso 1 Solera Brandy | 700ml","700",405
"Beverage","Novellino Rosso Vivace | 750ml","750",375
"Beverage","Novellino Bianco Vivace | 750ml","750",375
"Beverage","Novellino Rosso Vivace Light | 750ml","750",375
"Beverage","Gilbey's Premium Vodka | 1L","1",385
"Beverage","Lipton Yellow Label Tea | 2g 100pcs","2",524.5
"Beverage","Tanduay Rhum 12yo Superior | 700ml","700",340
"Beverage","Mompo Mass Wine | 750ml","750",415
"Beverage","Henessy Vsop Cognac | 700ml","700",3860
"Beverage","Maya Champorado | 113.5g","113.5",40
"Beverage","Frontera Moscato | 750ml","750",417
"Beverage","Frontera Chardonnay | 750ml","750",417
"Beverage","Frontera Merlot | 750ml","750",417
"Beverage","Viã A Sta Crlna Antres Crbnt Svgnn | 750ml","750",365
"Beverage","Viã A Sta Crlna Antares Merlot | 750ml","750",365
"Beverage","Wild Vines Blackberry Merlot | 750ml","750",363
"Beverage","Gatorade Blue Bolt | 350ml","350",36.5
"Beverage","Alfonso 1 Zero | 1L","1",355
"Beverage","Emperador Double Light | 1.5L","1.5",315
"Beverage","Emperador Light | 1.5L","1.5",378
"Beverage","Twinings Greentea Forst Fruits | 1.5g 25pcs","1.5",324.5
"Beverage","El Hombre Tequilla Gold | 700ml","700",334
"Beverage","Glenfidich Single Malt 15yo | 700ml","700",4225
"Beverage","Gilbey's Gin Smoother Blend | 1L","1",345
"Beverage","Chamdor Peach | 750ml","750",375
"Beverage","Fundador Double Light | 700ml","700",300
"Beverage","Fundador Light | 700ml","700",286
"Beverage","Remy Martin Vsop | 700ml","700",3840
"Beverage","Alhambra Solera Light | 1L","1",290
"Beverage","Tres Cepas Light Brandy | 1L","1",324
"Beverage","Mojitos Gold Tequila | 750ml","750",317
"Beverage","Twinnings Green Tea Mint | 1.5g 25pcs","1.5",339.5
"Beverage","Twinings Green Tea Jasmine | 1.8g 25pcs","1.8",339.5
"Beverage","Napoleon Brandy Vsop 80PF | 750ml","750",286
"Beverage","Twinnings English Brkfast Tea | 2g 25pcs","2",329.5
"Beverage","Novellino Strawberry Passion | 750ml","750",311
"Beverage","Novellino Wild Blacberry | 750ml","750",296
"Beverage","Novellino Bianco Classico | 750ml","750",311
"Beverage","Novellino Rosso Classico Light | 750ml","750",311
"Beverage","Novellino Strawberry Passion Light | 750ml","750",311
"Beverage","Novellino Rossita Dizionale | 750ml","750",311
"Beverage","Novellino Luscious Peach | 750ml","750",311
"Beverage","Chivas Regal 18yo | 700ml","700",2799
"Beverage","Franzia California Red | 750ml","750",364
"Beverage","Jinro Soju | 700ml","700",315
"Beverage","Gilbey's Premium Vodka | 700ml","700",305
"Beverage","Emperador Light Imported | 1L","1",287
"Beverage","Johnnie Walker 18yo | 750ml","750",3820
"Beverage","Novellino Sangria | 750ml","750",282
"Beverage","C2 Milktea Caramel | 270ml","270",34.5
"Beverage","C2 Milktea Wintermelon | 270ml","270",34.5
"Beverage","Treetop Cranberry Juice | 2L","2",339.5
"Beverage","Santa Carolina Red Wine | 750ml","750",300
"Beverage","Locally Blended Juice Can Guyabano | 240ml","240",35.95
"Beverage","Gilbey's Gin Smoother Blend | 700ml","700",276
"Beverage","Alfonso 1 Light Brand | 700ml","700",275
"Beverage","Tanduay Rhum 5YO 80PF | 1L","1",253
"Beverage","Smirnoff Red Vodka | 350ml","350",305
"Beverage","Dona Elena Sweet Red Wine | 750ml","750",275
"Beverage","Zafiro Strawberry | 700ml","700",325
"Beverage","Zafiro Premium Gin | 700ml","700",315
"Beverage","Jinro Soju Light | 750ml","750",225
"Beverage","Vino Fontana Red Wine | 750ml","750",295
"Beverage","Mojitos Silver Tequila | 750ml","750",246
"Beverage","Margarita Queen | 750ml","750",243
"Beverage","Johnnie Walker Gold Label Reserve | 1L","1",2435
"Beverage","Doña Elena Red Wine | 750ml","750",264
"Beverage","Dona Elena White Wine | 750ml","750",264
"Beverage","Grey Goose Vodka | 750ml","750",2815
"Beverage","Glenfidich Scotch Whisky 12yo | 700ml","700",2845
"Beverage","Johnnie Walker Red Label | 3L","3",2450
"Beverage","El Hombre Tequilla | 700ml","700",240
"Beverage","Rossa Mia Sangria | 1L","1",220
"Beverage","Treetop Pet Juice Apple | 2L","2",269.5
"Beverage","Henessy Very Special | 700ml","700",2060
"Beverage","Emperador Deluxe | 700ml","700",192
"Beverage","Maria Clara Sangria 20PF | 750ml","750",206
"Beverage","Ginebra San Miguel Premium Gin | 750ml","750",245
"Beverage","Fundador Exclusivo | 700ml","700",1919
"Beverage","Jager Meister Liqueur | 1.75L","1.75",2000
"Beverage","UCC 3in1 Coffee Regular | 20g 20pcs","20",249.5
"Beverage","UCC 3in1 Coffee Strong | 20g 20pcs","20",249.5
"Beverage","Jack Daniels Tennesse Whisky | 1L","1",1780
"Beverage","Singleton Singlemalt | 700ml","700",2055
"Beverage","Toska Vodka | 700ml","700",248
"Beverage","G Taste Ice Coffee Choco Mocha | 200ml","200",23.5
"Beverage","G Taste Ice Coffee Caramel Macchiato | 200ml","200",23.5
"Beverage","Great Taste Iced Coffee Vanilla Latte | 200ml","200",23.5
"Beverage","White Castle 69 Whisky | 700ml","700",199
"Beverage","Emperador Double Light | 1L","1",197
"Beverage","Don Papa Rum | 700ml","700",1855
"Beverage","Montes Alpha Cabernet Sauvignon | 750ml","750",1855
"Beverage","Montes Alpha Syrah | 750ml","750",1855
"Beverage","Johnnie Walker Double Black | 700ml","700",1409
"Beverage","Jack Daniels Tennesse Whisky | 700ml","700",1265
"Beverage","Dewars Scotch Whisky 15yo | 750ml","750",2070
"Beverage","Emperador Gold Brandy | 750ml","750",130
"Beverage","Chivas Regal 12Yo Scotch Whisky | 1L","1",1169
"Beverage","Locally Super Fruits Passion Fruit | 1L","1",149.5
"Beverage","Locally Super Fruits Dragonfruit | 1L","1",149.5
"Beverage","Carlo Rossi Burgundy Red | 4L","4",1780
"Beverage","Tanduay Rhum 5yo 80PF | 750ml","750",145
"Beverage","Tanduay White Premium Rhum | 750ml","750",143
"Beverage","Dewars Scotch Whisky 12yo | 750ml","750",1099
"Beverage","Hoegaarden Rosee Can | 330ml","330",130
"Beverage","Natures Spring Ph9.0 Alkaline | 500ml","500",15.5
"Beverage","Tanduay Select Blended Rum | 700ml","700",140
"Beverage","Ginebra San Miguel Frasco | 700ml","700",152
"Beverage","Emperador Double Light | 750ml","750",153
"Beverage","Emperador Brandy Light | 750ml","750",153
"Beverage","Emperador Brandy | 750ml","750",153
"Beverage","Henessy XO Cognac | 700ml","700",13830
"Beverage","GSM Blue Flavors Gin Margarita | 700ml","700",152
"Beverage","GSM Mojito Flavored Spirit | 700ml","700",140
"Beverage","GSM Blue Light Gin | 700ml","700",128
"Beverage","GSM Blue Flavors Gin Pomelo | 700ml","700",152
"Beverage","Mogu Mogu Stawberry Juice | 1L","1",129.5
"Beverage","Mogu Mogu Grape Juice | 1L","1",129.5
"Beverage","Johnnie Walker Red Label | 1.75L","1.75",1295
"Beverage","Hoegaarden Rosee Can | 248ml","248",112
"Beverage","Bombay Sapphire | 750ml","750",1090
"Beverage","Fontana Juice Cranberry | 1L","1",126.5
"Beverage","Goodday Korean Cherry Soju | 360ml","360",109.5
"Beverage","Goodday Korean Green Grape Soju | 360ml","360",109.5
"Beverage","Goodday Korean Peach Soju | 360ml","360",109.5
"Beverage","Goodday Korean Original Soju | 350ml","350",99.5
"Beverage","Jose Cuervo Gold Espl Tequilla | 1L","1",1230
"Beverage","Jim Beam Black 6yo Bourbon Whisky | 750ml","750",1070
"Beverage","Jinro Green Grape | 360ml","360",113
"Beverage","Jinro Grapefruit | 360ml","360",113
"Beverage","Jinro Chamisul Soju Classic | 360ml","360",120
"Beverage","Jinro Chamisul Soju Fresh | 360ml","360",120
"Beverage","The Bar Fruity Mix Green Grape | 700ml","700",132
"Beverage","The Bar Fruity Mix P Grapefruit | 700ml","700",132
"Beverage","The Bar Pink Gin | 700ml","700",138
"Beverage","The Bar Lime Gin | 700ml","700",138
"Beverage","The Bar Premium Dry Gin | 700ml","700",138
"Beverage","Corona Extra Beer | 330ml","330",96
"Beverage","Tanduay Rhum Light | 750ml","750",129
"Beverage","Happy Day Juice Tomato | 1L","1",169.5
"Beverage","Remy Martin XO Excellence | 700ml","700",13405
"Beverage","Tsingtao Beer | 640ml","640",129
"Beverage","Batangas Pure Cacao | 100g","100",132.5
"Beverage","Locally Blended Juice Dalandan Tetra | 1L","1",100
"Beverage","Natures Spring Distilled Water | 6.6L","6.6",79.5
"Beverage","SM Bonus Creamer Cannister | 3g 50pcs","3",67.5
"Beverage","Hersheys Cocoa | 453g","453",614.5
"Beverage","San Miguel Beer Can Lychee | 330ml","330",54.5
"Beverage","Blend 45 Coffee 3in1 | 18g 10pcs","18",52
"Beverage","Nescafe Gold Intense | 100g","100",319.5
"Beverage","Sola Iced Tea Lemon | 250ml","250",44.5
"Beverage","Sola Iced Tea Raspberry | 250ml","250",44.5
"Beverage","Sprite Pet | 500ml","500",37.95
"Beverage","Squeezed U Ginger Juice Conc | 500ml","500",364.5
"Beverage","Royal Can Tru Grape | 330ml","330",37.5
"Beverage","Real Leaf Frutcy Icedtea Lemonice | 480ml","480",24.5
"Beverage","Tang Powder Juice Lychee | 20g","20",21
"Beverage","Blend 45 Coffee | 25g","25",22.5
"Beverage","Zest O Fresh Pick Apple Juice | 200ml","200",11.5
"Beverage","May Sparkling Juice White | 750ml","750",229.95
"Beverage","May Sparkling Juice Red | 750ml","750",229.95
"Beverage","OVALTINE-ALL IN ONE_POWDER-840g","840",264.5
"Beverage","Nescafe Gold Blend | 50g","50",164.5
"Beverage","Kopiko Cafe Blanca Mini Bag | 30g 10pcs","30",89.5
"Beverage","Great Taste White Caramel | 30g 10pcs","30",89.5
"Beverage","Great Taste Brown Barako | 30g 10pcs","30",89.5
"Beverage","BIG-250 DRINK_PINEAPPLE -250ml","250",10.25
"Beverage","Big 250 Drink Guyabano | 250ml","250",1
"Beverage","Big 250 Drink Grape | 250ml","250",1
"Beverage","Ricoa Cocoa | 1kg","1",902.5
"Beverage","Lipton Yellow Label Tea | 2g 25pcs","2",164.5
"Beverage","Golden Spoon Salabat | 360g","360",144.95
"Beverage","Tiger Beer Crystal Light Can | 330mL","330",59.5
"Beverage","Mogu Mogu Juice Lychee | 1L","1",129.5
"Beverage","Mogu Mogu Juice Coconut | 1L","1",129.5
"Beverage","Squeezed 4 U Dalandan Concentrate | 750ml","750",349.5
"Beverage","Happy Day Tetra Juice Cranberrry1 | 1L","1",174.5
"Beverage","GOOD DAY KOREAN BLUEBERRY SOJU 360ml","360",109.5
"Beverage","NOVELLINO ROSSO CLASSICO 750ML","750",311
"Beverage","FRONTERA CABERNET SAUVIGNON 750ML","750",417
"Beverage","Fundador Brandy | 700ml","700",473
"Beverage","GREAT TASTE WHITE CREMA 30g 10s","30",89.5
"Beverage","Nescafe Gold Sticks |2g 10pcs","2",84.75
"Beverage","Thirstless Orange |199ml","199",7.5
"Beverage","Thirstless Apple |199ml","199",7.5
"Beverage","Teazle Zero Yuja And Green Tea | 500ml","500",74.5
"Beverage","Teazle Zero Strawberry And Rooibos | 500ml","500",74.5
"Beverage","Teazle Zero Peach And Oolong Tea | 500ml","500",74.5
"Beverage","Teazle Zero Peach And Earl Grey | 500ml","500",74.5
"Beverage","Teazle Zero Grape Fruit And Black Tea Flavor | 500ml","500",74.5
"Beverage","Kweichow Moutai Bulao Wf | 125ml","125",4420
"Beverage","Kweichow Moutai Bulao Blue Vintage | 500ml","500",19550
"Beverage","Nestle Coffeemate | 150g","150",54.5
"Beverage","Nutriboost Straw Save P3.00 | 110ml 4pcs","110",49
"Beverage","Lipton Green Tea | 1.5g 25pcs","1.5",239.5
"Beverage","Royal Tru Orange | 180ml 6pcs","180",139.5
"Beverage","Sprite Regular | 180ml 6pcs","180",139.5
"Beverage","Tarami Konjac Jelly Pouch Mango | 150g","150",99.5
"Beverage","Tarami Konjac Jelly Pouch Grapes | 150g","150",99.5
"Beverage","C2 Green Tea Apple Sugarfree | 335ml","335",26.5
"Beverage","Absolut Sprite 7% | 320ml","320",56
"Beverage","Lotte Starlight Chungha Grape | 295ml","295",179.5
"Beverage","Lotte Rose Chungha Apple | 295ml","295",179.5
"Beverage","Royal Tru Orange Zero Sugar | 1.5L","1.5",67.5
"Beverage","Tampico Strawberry Banana Drink | 1L","1",65.95
"Beverage","Tampico Apple Drink | 237ml","237",23.5
"Beverage","Tampico Strawberry Banana Drink | 237ml","237",23.5
"Beverage","Tampico Zero Sugar Citrus Drink | 237ml","237",23.5
"Beverage","Yellowtail Merlot | 750ml","750",550
"Beverage","Tang Iced Tea Lemon | 25g","25",20
"Beverage","Tang Iced Tea Apple | 25g","25",20
"Beverage","Lipton Green Tea | 1.5g 10tea bags","1.5",108.5
"Beverage","Kopiko Blanca 3-in-1 Coffee Mix | 30g 30pcs","30",268.5
"Beverage","Great Taste Premium Blend Coffee Black | 50g","50",51.5
"Beverage","Natural One Juice Grape Apple | 900ml","900",175
"Beverage","Floridas Ornge W Cal Vit D Sme Pulp | 1.5L","1.5",340
"Beverage","Floridas Orange W Cal Vit D No Pulp | 1.5L","1.5",340
"Beverage","Floridas Orange Juice Some Pulp | 1.5L","1.5",340
"Beverage","Rossa Mia Sangria Hamper | 1L 2pcs","1",440
"Beverage","Riunite Lambrusco Red | 750ml","750",460
"Beverage","Golden A Juice Concentrate Four Seasons | 500ml","500",249.5
"Beverage","Golden A Juice Concentrate Mango | 500ml","500",239.5
"Beverage","Golden A Juice Concentrate Tea Calamansi | 500ml","500",189.5
"Beverage","Golden A Juice Concentrate Sago't Gulaman | 500ml","500",184.5
"Beverage","Smart C Calamansi Drink | 1L","1",56.5
"Beverage","Wang Lo Kat Sweet Herbal Tea | 310ml","310",48.5
"Beverage","Sip Plus Original Grape Fruit | 500ml","500",39.5
"Beverage","Sip Plus Honey Yuzu | 500ml","500",39.5
"Beverage","Sip Plus Original Grape Fruit | 350ml","350",34.5
"Beverage","Sip Plus Honey Yuzu | 350ml","350",34.5
"Beverage","Tang Disney Strawberry Lemonade | 19g","19",22.5
"Beverage","Tang Disney Mixed Berries Lemonade | 19g","19",22.5
"Beverage","Vida C Lemon | 325ml","325",44.5
"Beverage","Vida C Orange | 325ml","325",44.5
"Beverage","Tita Lulu Instant Ube Champorado | 55g","55",36.5
"Beverage","Royal Can True Orange Zero Sugar | 320ml","320",37.5
"Beverage","Jiggels Jelly Juice Strawberry | 220ml","220",10.95
"Beverage","Jiggels Jelly Juice Orange | 220ml","220",10.95
"Beverage","Gaya Farm Well Grown Tomato | 1.5L","1.5",179.5
"Beverage","C Vitt Orange Vitamin Drink | 140ml","140",32.5
"Beverage","C Vitt Lemon Vitamin Drink | 140ml","140",32.5
"Beverage","Dutchmill Blueberry | 90ml 4pcs","90",47.5
"Beverage","Dutchmill Orange | 90ml 4pcs","90",47.5
"Beverage","Tang Fruit Plus Orange | 14g","14",26.5
"Beverage","Starbucks Double Shot Mocha | 220ml","220",89.5
"Beverage","Great Taste 3In1 Orig Twinpack | 33g 5pcs","33",45.25
"Beverage","Great Taste 3 In 1 Cream O Twin Pack | 56g 5pcs","56",82.5
"Beverage","Great Taste 3 In 1 Brown Barako Twin Pack | 52g 5pcs","52",69.5
"Beverage","Equal NSA Mocha Coffee | 15g 10pcs","15",229.5
"Beverage","Equal NSA Classic Espresso | 15g 10pcs","15",229.5
"Beverage","Equal NSA Caramel Latte Coffee | 15g 10pcs","15",229.5
"Beverage","Equal NSA Americano Coffee | 15g 10pcs","15",229.5
"Beverage","Silca Coffee Espresso Blend | 250g","250",325
"Beverage","San Miguel Beer Lychee | 330ml 6pcs","330",330
"Beverage","San Miguel Beer Apple | 330ml 6pcs","330",330
"Beverage","Milo Active Go With free Mug | 1Kg","1",289.5
"Beverage","Lipton Lemon Zero Sugar | 450ml","450",27.95
"Beverage","DM Fit N Right Green Apple 330ml","330",34
"Beverage","DM Fit N Right Green Apple | 1L","1",89.5
"Beverage","A&W Rootbeer | 320ml","320",37.5
